[
  {
    "id": "8124c1a3-e0f3-4b8a-9b42-2203ea21981d",
    "data": [
      {
        "text": "Special",
        "userDefined": false
      }
    ],
    "isTemplate": false,
    "count": 0,
    "updated": 0
  },
  {
    "id": "ca58ac1c-ee24-49aa-b34f-e9a8a55160b6",
    "data": [
      {
        "text": "Specials, please?",
        "userDefined": false
      }
    ],
    "isTemplate": false,
    "count": 0,
    "updated": 0
  },
  {
    "id": "1416d6f6-d0c3-4694-8c75-46635a48666c",
    "data": [
      {
        "text": "Today",
        "meta": "@sys.ignore",
        "userDefined": false
      },
      {
        "text": "\u0027s specials?",
        "userDefined": false
      }
    ],
    "isTemplate": false,
    "count": 0,
    "updated": 0
  },
  {
    "id": "98c4e514-4f33-4bde-973a-9e87301f3bee",
    "data": [
      {
        "text": "What\u0027s on special ",
        "userDefined": false
      },
      {
        "text": "today",
        "meta": "@sys.ignore",
        "userDefined": false
      },
      {
        "text": "?",
        "userDefined": false
      }
    ],
    "isTemplate": false,
    "count": 0,
    "updated": 0
  },
  {
    "id": "48b9b557-b408-446b-91bb-c64c9dd04e20",
    "data": [
      {
        "text": "Specials",
        "userDefined": false
      }
    ],
    "isTemplate": false,
    "count": 0,
    "updated": 0
  }
]